Workbook

Sheet ASIS_Detalle
A1: Usuario_ID | B1: Intento | C1: Objetivo_ASIS | D1: Respuesta_oyente | E1: Comprendido_0_1 | F1: Tiempo_ASIS_s | G1: Observaciones | H1: Estado_registro
A2: 1 | B2: 1 | C2: Ñ | D2: Ñ | E2: =IF(D2="","",IF(UPPER(TRIM(D2))=UPPER(TRIM(C2)),1,0)) -> 1 | F2: 3.37 | H2: =IF(AND(D2<>"",F2<>""),"OK","PENDIENTE") -> OK
A3: 1 | B3: 2 | C3: V | D3: U | E3: =IF(D3="","",IF(UPPER(TRIM(D3))=UPPER(TRIM(C3)),1,0)) -> 0 | F3: 2.9 | H3: =IF(AND(D3<>"",F3<>""),"OK","PENDIENTE") -> OK
A4: 1 | B4: 3 | C4: U | D4: U | E4: =IF(D4="","",IF(UPPER(TRIM(D4))=UPPER(TRIM(C4)),1,0)) -> 1 | F4: 1.63 | H4: =IF(AND(D4<>"",F4<>""),"OK","PENDIENTE") -> OK
A5: 1 | B5: 4 | C5: S | D5: S | E5: =IF(D5="","",IF(UPPER(TRIM(D5))=UPPER(TRIM(C5)),1,0)) -> 1 | F5: 3.13 | H5: =IF(AND(D5<>"",F5<>""),"OK","PENDIENTE") -> OK
A6: 1 | B6: 5 | C6: N | D6: N | E6: =IF(D6="","",IF(UPPER(TRIM(D6))=UPPER(TRIM(C6)),1,0)) -> 1 | F6: 2.5 | H6: =IF(AND(D6<>"",F6<>""),"OK","PENDIENTE") -> OK
A7: 1 | B7: 6 | C7: B | D7: B | E7: =IF(D7="","",IF(UPPER(TRIM(D7))=UPPER(TRIM(C7)),1,0)) -> 1 | F7: 2.75 | H7: =IF(AND(D7<>"",F7<>""),"OK","PENDIENTE") -> OK
A8: 1 | B8: 7 | C8: C | D8: C | E8: =IF(D8="","",IF(UPPER(TRIM(D8))=UPPER(TRIM(C8)),1,0)) -> 1 | F8: 1.05 | H8: =IF(AND(D8<>"",F8<>""),"OK","PENDIENTE") -> OK
A9: 1 | B9: 8 | C9: J | D9: NR | E9: =IF(D9="","",IF(UPPER(TRIM(D9))=UPPER(TRIM(C9)),1,0)) -> 0 | F9: 1.23 | H9: =IF(AND(D9<>"",F9<>""),"OK","PENDIENTE") -> OK
A10: 1 | B10: 9 | C10: W | D10: W | E10: =IF(D10="","",IF(UPPER(TRIM(D10))=UPPER(TRIM(C10)),1,0)) -> 1 | F10: 3.69 | H10: =IF(AND(D10<>"",F10<>""),"OK","PENDIENTE") -> OK
A11: 1 | B11: 10 | C11: E | D11: A | E11: =IF(D11="","",IF(UPPER(TRIM(D11))=UPPER(TRIM(C11)),1,0)) -> 0 | F11: 3.23 | H11: =IF(AND(D11<>"",F11<>""),"OK","PENDIENTE") -> OK
A12: 1 | B12: 11 | C12: U | D12: U | E12: =IF(D12="","",IF(UPPER(TRIM(D12))=UPPER(TRIM(C12)),1,0)) -> 1 | F12: 1.43 | H12: =IF(AND(D12<>"",F12<>""),"OK","PENDIENTE") -> OK
A13: 1 | B13: 12 | C13: N | D13: N | E13: =IF(D13="","",IF(UPPER(TRIM(D13))=UPPER(TRIM(C13)),1,0)) -> 1 | F13: 1.09 | H13: =IF(AND(D13<>"",F13<>""),"OK","PENDIENTE") -> OK
... A226: 15 | B226: 15 | C226: W | D226: W | E226: =IF(D226="","",IF(UPPER(TRIM(D226))=UPPER(TRIM(C226)),1,0)) -> 1 | F226: 1.49 | H226: =IF(AND(D226<>"",F226<>""),"OK","PENDIENTE") -> OK

Sheet Resumen_ASIS
A1: RESUMEN AUTOMÁTICO — ASIS
A4: Usuario_ID | B4: N_previstos | C4: N_respondidos | D4: Correctos | E4: PCM_ASIS_% | F4: N_tiempos | G4: Tiempo_promedio_s | H4: Estado
A5: 1 | B5: 15 | C5: =COUNTIFS(ASIS_Detalle!$A$2:$A$226,A5,ASIS_Detalle!$D$2:$D$226,"<>") -> 15 | D5: =SUMIFS(ASIS_Detalle!$E$2:$E$226,ASIS_Detalle!$A$2:$A$226,A5) -> 11 | E5: =IF(C5=0,"",D5/C5*100) -> 73.333333 | F5: =COUNTIFS(ASIS_Detalle!$A$2:$A$226,A5,ASIS_Detalle!$F$2:$F$226,">0") -> 15 | G5: =IF(F5=0,"",SUMIFS(ASIS_Detalle!$F$2:$F$226,ASIS_Detalle!$A$2:$A$226,A5)/F5) -> 2.532 | H5: =IF(AND(C5=15,F5=15),"COMPLETO",IF(OR(C5>0,F5>0),"INCOMPLETO","PENDIENTE")) -> COMPLETO
A6: 2 | B6: 15 | C6: =COUNTIFS(ASIS_Detalle!$A$2:$A$226,A6,ASIS_Detalle!$D$2:$D$226,"<>") -> 15 | D6: =SUMIFS(ASIS_Detalle!$E$2:$E$226,ASIS_Detalle!$A$2:$A$226,A6) -> 13 | E6: =IF(C6=0,"",D6/C6*100) -> 86.666667 | F6: =COUNTIFS(ASIS_Detalle!$A$2:$A$226,A6,ASIS_Detalle!$F$2:$F$226,">0") -> 15 | G6: =IF(F6=0,"",SUMIFS(ASIS_Detalle!$F$2:$F$226,ASIS_Detalle!$A$2:$A$226,A6)/F6) -> 2.6493333 | H6: =IF(AND(C6=15,F6=15),"COMPLETO",IF(OR(C6>0,F6>0),"INCOMPLETO","PENDIENTE")) -> COMPLETO
A7: 3 | B7: 15 | C7: =COUNTIFS(ASIS_Detalle!$A$2:$A$226,A7,ASIS_Detalle!$D$2:$D$226,"<>") -> 15 | D7: =SUMIFS(ASIS_Detalle!$E$2:$E$226,ASIS_Detalle!$A$2:$A$226,A7) -> 11 | E7: =IF(C7=0,"",D7/C7*100) -> 73.333333 | F7: =COUNTIFS(ASIS_Detalle!$A$2:$A$226,A7,ASIS_Detalle!$F$2:$F$226,">0") -> 15 | G7: =IF(F7=0,"",SUMIFS(ASIS_Detalle!$F$2:$F$226,ASIS_Detalle!$A$2:$A$226,A7)/F7) -> 2.4666667 | H7: =IF(AND(C7=15,F7=15),"COMPLETO",IF(OR(C7>0,F7>0),"INCOMPLETO","PENDIENTE")) -> COMPLETO
A8: 4 | B8: 15 | C8: =COUNTIFS(ASIS_Detalle!$A$2:$A$226,A8,ASIS_Detalle!$D$2:$D$226,"<>") -> 15 | D8: =SUMIFS(ASIS_Detalle!$E$2:$E$226,ASIS_Detalle!$A$2:$A$226,A8) -> 11 | E8: =IF(C8=0,"",D8/C8*100) -> 73.333333 | F8: =COUNTIFS(ASIS_Detalle!$A$2:$A$226,A8,ASIS_Detalle!$F$2:$F$226,">0") -> 15 | G8: =IF(F8=0,"",SUMIFS(ASIS_Detalle!$F$2:$F$226,ASIS_Detalle!$A$2:$A$226,A8)/F8) -> 2.534 | H8: =IF(AND(C8=15,F8=15),"COMPLETO",IF(OR(C8>0,F8>0),"INCOMPLETO","PENDIENTE")) -> COMPLETO
A9: 5 | B9: 15 | C9: =COUNTIFS(ASIS_Detalle!$A$2:$A$226,A9,ASIS_Detalle!$D$2:$D$226,"<>") -> 15 | D9: =SUMIFS(ASIS_Detalle!$E$2:$E$226,ASIS_Detalle!$A$2:$A$226,A9) -> 12 | E9: =IF(C9=0,"",D9/C9*100) -> 80 | F9: =COUNTIFS(ASIS_Detalle!$A$2:$A$226,A9,ASIS_Detalle!$F$2:$F$226,">0") -> 15 | G9: =IF(F9=0,"",SUMIFS(ASIS_Detalle!$F$2:$F$226,ASIS_Detalle!$A$2:$A$226,A9)/F9) -> 2.708 | H9: =IF(AND(C9=15,F9=15),"COMPLETO",IF(OR(C9>0,F9>0),"INCOMPLETO","PENDIENTE")) -> COMPLETO
A10: 6 | B10: 15 | C10: =COUNTIFS(ASIS_Detalle!$A$2:$A$226,A10,ASIS_Detalle!$D$2:$D$226,"<>") -> 15 | D10: =SUMIFS(ASIS_Detalle!$E$2:$E$226,ASIS_Detalle!$A$2:$A$226,A10) -> 11 | E10: =IF(C10=0,"",D10/C10*100) -> 73.333333 | F10: =COUNTIFS(ASIS_Detalle!$A$2:$A$226,A10,ASIS_Detalle!$F$2:$F$226,">0") -> 15 | G10: =IF(F10=0,"",SUMIFS(ASIS_Detalle!$F$2:$F$226,ASIS_Detalle!$A$2:$A$226,A10)/F10) -> 2.1753333 | H10: =IF(AND(C10=15,F10=15),"COMPLETO",IF(OR(C10>0,F10>0),"INCOMPLETO","PENDIENTE")) -> COMPLETO
A11: 7 | B11: 15 | C11: =COUNTIFS(ASIS_Detalle!$A$2:$A$226,A11,ASIS_Detalle!$D$2:$D$226,"<>") -> 15 | D11: =SUMIFS(ASIS_Detalle!$E$2:$E$226,ASIS_Detalle!$A$2:$A$226,A11) -> 10 | E11: =IF(C11=0,"",D11/C11*100) -> 66.666667 | F11: =COUNTIFS(ASIS_Detalle!$A$2:$A$226,A11,ASIS_Detalle!$F$2:$F$226,">0") -> 15 | G11: =IF(F11=0,"",SUMIFS(ASIS_Detalle!$F$2:$F$226,ASIS_Detalle!$A$2:$A$226,A11)/F11) -> 2.5153333 | H11: =IF(AND(C11=15,F11=15),"COMPLETO",IF(OR(C11>0,F11>0),"INCOMPLETO","PENDIENTE")) -> COMPLETO
A12: 8 | B12: 15 | C12: =COUNTIFS(ASIS_Detalle!$A$2:$A$226,A12,ASIS_Detalle!$D$2:$D$226,"<>") -> 15 | D12: =SUMIFS(ASIS_Detalle!$E$2:$E$226,ASIS_Detalle!$A$2:$A$226,A12) -> 12 | E12: =IF(C12=0,"",D12/C12*100) -> 80 | F12: =COUNTIFS(ASIS_Detalle!$A$2:$A$226,A12,ASIS_Detalle!$F$2:$F$226,">0") -> 15 | G12: =IF(F12=0,"",SUMIFS(ASIS_Detalle!$F$2:$F$226,ASIS_Detalle!$A$2:$A$226,A12)/F12) -> 2.5693333 | H12: =IF(AND(C12=15,F12=15),"COMPLETO",IF(OR(C12>0,F12>0),"INCOMPLETO","PENDIENTE")) -> COMPLETO
A13: 9 | B13: 15 | C13: =COUNTIFS(ASIS_Detalle!$A$2:$A$226,A13,ASIS_Detalle!$D$2:$D$226,"<>") -> 15 | D13: =SUMIFS(ASIS_Detalle!$E$2:$E$226,ASIS_Detalle!$A$2:$A$226,A13) -> 13 | E13: =IF(C13=0,"",D13/C13*100) -> 86.666667 | F13: =COUNTIFS(ASIS_Detalle!$A$2:$A$226,A13,ASIS_Detalle!$F$2:$F$226,">0") -> 15 | G13: =IF(F13=0,"",SUMIFS(ASIS_Detalle!$F$2:$F$226,ASIS_Detalle!$A$2:$A$226,A13)/F13) -> 2.2746667 | H13: =IF(AND(C13=15,F13=15),"COMPLETO",IF(OR(C13>0,F13>0),"INCOMPLETO","PENDIENTE")) -> COMPLETO
A14: 10 | B14: 15 | C14: =COUNTIFS(ASIS_Detalle!$A$2:$A$226,A14,ASIS_Detalle!$D$2:$D$226,"<>") -> 15 | D14: =SUMIFS(ASIS_Detalle!$E$2:$E$226,ASIS_Detalle!$A$2:$A$226,A14) -> 12 | E14: =IF(C14=0,"",D14/C14*100) -> 80 | F14: =COUNTIFS(ASIS_Detalle!$A$2:$A$226,A14,ASIS_Detalle!$F$2:$F$226,">0") -> 15 | G14: =IF(F14=0,"",SUMIFS(ASIS_Detalle!$F$2:$F$226,ASIS_Detalle!$A$2:$A$226,A14)/F14) -> 2.5246667 | H14: =IF(AND(C14=15,F14=15),"COMPLETO",IF(OR(C14>0,F14>0),"INCOMPLETO","PENDIENTE")) -> COMPLETO
A15: 11 | B15: 15 | C15: =COUNTIFS(ASIS_Detalle!$A$2:$A$226,A15,ASIS_Detalle!$D$2:$D$226,"<>") -> 15 | D15: =SUMIFS(ASIS_Detalle!$E$2:$E$226,ASIS_Detalle!$A$2:$A$226,A15) -> 15 | E15: =IF(C15=0,"",D15/C15*100) -> 100 | F15: =COUNTIFS(ASIS_Detalle!$A$2:$A$226,A15,ASIS_Detalle!$F$2:$F$226,">0") -> 15 | G15: =IF(F15=0,"",SUMIFS(ASIS_Detalle!$F$2:$F$226,ASIS_Detalle!$A$2:$A$226,A15)/F15) -> 2.4726667 | H15: =IF(AND(C15=15,F15=15),"COMPLETO",IF(OR(C15>0,F15>0),"INCOMPLETO","PENDIENTE")) -> COMPLETO
A16: 12 | B16: 15 | C16: =COUNTIFS(ASIS_Detalle!$A$2:$A$226,A16,ASIS_Detalle!$D$2:$D$226,"<>") -> 15 | D16: =SUMIFS(ASIS_Detalle!$E$2:$E$226,ASIS_Detalle!$A$2:$A$226,A16) -> 14 | E16: =IF(C16=0,"",D16/C16*100) -> 93.333333 | F16: =COUNTIFS(ASIS_Detalle!$A$2:$A$226,A16,ASIS_Detalle!$F$2:$F$226,">0") -> 15 | G16: =IF(F16=0,"",SUMIFS(ASIS_Detalle!$F$2:$F$226,ASIS_Detalle!$A$2:$A$226,A16)/F16) -> 2.4473333 | H16: =IF(AND(C16=15,F16=15),"COMPLETO",IF(OR(C16>0,F16>0),"INCOMPLETO","PENDIENTE")) -> COMPLETO
... A19: 15 | B19: 15 | C19: =COUNTIFS(ASIS_Detalle!$A$2:$A$226,A19,ASIS_Detalle!$D$2:$D$226,"<>") -> 15 | D19: =SUMIFS(ASIS_Detalle!$E$2:$E$226,ASIS_Detalle!$A$2:$A$226,A19) -> 13 | E19: =IF(C19=0,"",D19/C19*100) -> 86.666667 | F19: =COUNTIFS(ASIS_Detalle!$A$2:$A$226,A19,ASIS_Detalle!$F$2:$F$226,">0") -> 15 | G19: =IF(F19=0,"",SUMIFS(ASIS_Detalle!$F$2:$F$226,ASIS_Detalle!$A$2:$A$226,A19)/F19) -> 2.5573333 | H19: =IF(AND(C19=15,F19=15),"COMPLETO",IF(OR(C19>0,F19>0),"INCOMPLETO","PENDIENTE")) -> COMPLETO
A21: GLOBAL | B21: 225 | C21: =SUM(C5:C19) -> 225 | D21: =SUM(D5:D19) -> 182 | E21: =IF(C21=0,"",D21/C21*100) -> 80.888889 | F21: =SUM(F5:F19) -> 225 | G21: =IF(F21=0,"",SUM(ASIS_Detalle!$F$2:$F$226)/F21) -> 2.4846667 | H21: =IF(AND(C21=225,F21=225),"LISTO PARA ANALIZAR","RECOLECCIÓN EN CURSO") -> LISTO PARA ANALIZAR
A24: CONTROLES RÁPIDOS
A25: Control | B25: Resultado
A26: Registros completos | B26: =COUNTIF(ASIS_Detalle!$H$2:$H$226,"OK") -> 225
A27: Registros pendientes | B27: =COUNTIF(ASIS_Detalle!$H$2:$H$226,"PENDIENTE") -> 0
A28: Participantes completos | B28: =COUNTIF(H5:H19,"COMPLETO") -> 15
A29: PCM global ASIS (%) | B29: =IF(E21="","",E21) -> 80.888889

Sheet Comparacion_TOBE
A1: COMPARACIÓN PREPARADA — ASIS vs TOBE
A2: Los valores TOBE provienen de tus 225 evaluaciones de comprensión ya registradas. ASIS aparecerá automáticamente al llenar la plantilla.
A4: Usuario_ID | B4: N_TOBE | C4: Correctos_TOBE | D4: PCM_TOBE_% | E4: PCM_ASIS_% | F4: Diferencia_pp | G4: Interpretación | J4: Usuario_ID | K4: PCM_TOBE_% | L4: PCM_ASIS_%
A5: 1 | B5: 15 | C5: 12 | D5: 80 | E5: =IF(Resumen_ASIS!E5="","",Resumen_ASIS!E5) -> 73.333333 | F5: =IF(E5="","",D5-E5) -> 6.6666667 | G5: =IF(F5="","",IF(F5>0,"TOBE mayor",IF(F5<0,"ASIS mayor","Sin diferencia"))) -> TOBE mayor | J5: 1 | K5: =D5 -> 80 | L5: =E5 -> 73.333333
A6: 2 | B6: 15 | C6: 12 | D6: 80 | E6: =IF(Resumen_ASIS!E6="","",Resumen_ASIS!E6) -> 86.666667 | F6: =IF(E6="","",D6-E6) -> -6.6666667 | G6: =IF(F6="","",IF(F6>0,"TOBE mayor",IF(F6<0,"ASIS mayor","Sin diferencia"))) -> ASIS mayor | J6: 2 | K6: =D6 -> 80 | L6: =E6 -> 86.666667
A7: 3 | B7: 15 | C7: 12 | D7: 80 | E7: =IF(Resumen_ASIS!E7="","",Resumen_ASIS!E7) -> 73.333333 | F7: =IF(E7="","",D7-E7) -> 6.6666667 | G7: =IF(F7="","",IF(F7>0,"TOBE mayor",IF(F7<0,"ASIS mayor","Sin diferencia"))) -> TOBE mayor | J7: 3 | K7: =D7 -> 80 | L7: =E7 -> 73.333333
A8: 4 | B8: 15 | C8: 14 | D8: 93.333333 | E8: =IF(Resumen_ASIS!E8="","",Resumen_ASIS!E8) -> 73.333333 | F8: =IF(E8="","",D8-E8) -> 20 | G8: =IF(F8="","",IF(F8>0,"TOBE mayor",IF(F8<0,"ASIS mayor","Sin diferencia"))) -> TOBE mayor | J8: 4 | K8: =D8 -> 93.333333 | L8: =E8 -> 73.333333
A9: 5 | B9: 15 | C9: 13 | D9: 86.666667 | E9: =IF(Resumen_ASIS!E9="","",Resumen_ASIS!E9) -> 80 | F9: =IF(E9="","",D9-E9) -> 6.6666667 | G9: =IF(F9="","",IF(F9>0,"TOBE mayor",IF(F9<0,"ASIS mayor","Sin diferencia"))) -> TOBE mayor | J9: 5 | K9: =D9 -> 86.666667 | L9: =E9 -> 80
A10: 6 | B10: 15 | C10: 10 | D10: 66.666667 | E10: =IF(Resumen_ASIS!E10="","",Resumen_ASIS!E10) -> 73.333333 | F10: =IF(E10="","",D10-E10) -> -6.6666667 | G10: =IF(F10="","",IF(F10>0,"TOBE mayor",IF(F10<0,"ASIS mayor","Sin diferencia"))) -> ASIS mayor | J10: 6 | K10: =D10 -> 66.666667 | L10: =E10 -> 73.333333
A11: 7 | B11: 15 | C11: 11 | D11: 73.333333 | E11: =IF(Resumen_ASIS!E11="","",Resumen_ASIS!E11) -> 66.666667 | F11: =IF(E11="","",D11-E11) -> 6.6666667 | G11: =IF(F11="","",IF(F11>0,"TOBE mayor",IF(F11<0,"ASIS mayor","Sin diferencia"))) -> TOBE mayor | J11: 7 | K11: =D11 -> 73.333333 | L11: =E11 -> 66.666667
A12: 8 | B12: 15 | C12: 14 | D12: 93.333333 | E12: =IF(Resumen_ASIS!E12="","",Resumen_ASIS!E12) -> 80 | F12: =IF(E12="","",D12-E12) -> 13.333333 | G12: =IF(F12="","",IF(F12>0,"TOBE mayor",IF(F12<0,"ASIS mayor","Sin diferencia"))) -> TOBE mayor | J12: 8 | K12: =D12 -> 93.333333 | L12: =E12 -> 80
A13: 9 | B13: 15 | C13: 15 | D13: 100 | E13: =IF(Resumen_ASIS!E13="","",Resumen_ASIS!E13) -> 86.666667 | F13: =IF(E13="","",D13-E13) -> 13.333333 | G13: =IF(F13="","",IF(F13>0,"TOBE mayor",IF(F13<0,"ASIS mayor","Sin diferencia"))) -> TOBE mayor | J13: 9 | K13: =D13 -> 100 | L13: =E13 -> 86.666667
A14: 10 | B14: 15 | C14: 12 | D14: 80 | E14: =IF(Resumen_ASIS!E14="","",Resumen_ASIS!E14) -> 80 | F14: =IF(E14="","",D14-E14) -> 0 | G14: =IF(F14="","",IF(F14>0,"TOBE mayor",IF(F14<0,"ASIS mayor","Sin diferencia"))) -> Sin diferencia | J14: 10 | K14: =D14 -> 80 | L14: =E14 -> 80
A15: 11 | B15: 15 | C15: 13 | D15: 86.666667 | E15: =IF(Resumen_ASIS!E15="","",Resumen_ASIS!E15) -> 100 | F15: =IF(E15="","",D15-E15) -> -13.333333 | G15: =IF(F15="","",IF(F15>0,"TOBE mayor",IF(F15<0,"ASIS mayor","Sin diferencia"))) -> ASIS mayor | J15: 11 | K15: =D15 -> 86.666667 | L15: =E15 -> 100
A16: 12 | B16: 15 | C16: 13 | D16: 86.666667 | E16: =IF(Resumen_ASIS!E16="","",Resumen_ASIS!E16) -> 93.333333 | F16: =IF(E16="","",D16-E16) -> -6.6666667 | G16: =IF(F16="","",IF(F16>0,"TOBE mayor",IF(F16<0,"ASIS mayor","Sin diferencia"))) -> ASIS mayor | J16: 12 | K16: =D16 -> 86.666667 | L16: =E16 -> 93.333333
... A19: 15 | B19: 15 | C19: 13 | D19: 86.666667 | E19: =IF(Resumen_ASIS!E19="","",Resumen_ASIS!E19) -> 86.666667 | F19: =IF(E19="","",D19-E19) -> 0 | G19: =IF(F19="","",IF(F19>0,"TOBE mayor",IF(F19<0,"ASIS mayor","Sin diferencia"))) -> Sin diferencia | J19: 15 | K19: =D19 -> 86.666667 | L19: =E19 -> 86.666667
A21: GLOBAL | B21: 225 | C21: 184 | D21: 81.777778 | E21: =IF(Resumen_ASIS!E21="","",Resumen_ASIS!E21) -> 80.888889 | F21: =IF(E21="","",D21-E21) -> 0.88888889 | G21: =IF(F21="","",IF(F21>0,"TOBE mayor",IF(F21<0,"ASIS mayor","Sin diferencia"))) -> TOBE mayor
A24: NOTA METODOLÓGICA
A25: Esta hoja solo prepara la comparación descriptiva. La prueba inferencial final debe hacerse cuando los 15 pares ASIS–TOBE estén completos. Como son los mismos participantes, primero se evaluará la normalidad de las diferencias; luego se elegirá t de Student para muestras relacionadas o Wilcoxon.
